ID	Prediction
Pt489	response
Pt101	no_response
Pt443	no_response
Pt345	no_response
Pt185	no_response
Pt823	no_response
Pt555	no_response
Pt539	no_response
Pt642	no_response
Pt110	no_response
Pt865	no_response
Pt381	no_response
Pt785	no_response
Pt378	no_response
Pt268	no_response
Pt343	no_response
Pt406	response
Pt826	response
Pt887	no_response
Pt14	no_response
Pt634	no_response
Pt186	no_response
Pt772	no_response
Pt297	no_response
Pt76	response
Pt871	no_response
Pt716	no_response
Pt747	response
Pt156	response
Pt8	no_response
Pt494	no_response
Pt519	no_response
Pt387	response
Pt196	no_response
Pt277	no_response
Pt966	response
Pt711	response
Pt805	response
Pt964	no_response
Pt421	no_response
Pt442	no_response
Pt824	no_response
Pt828	no_response
Pt229	response
Pt106	no_response
Pt627	response
Pt452	no_response
Pt905	no_response
Pt687	no_response
Pt554	response
Pt641	no_response
Pt557	response
Pt371	no_response
Pt160	no_response
Pt543	response
Pt414	no_response
Pt136	no_response
Pt676	response
Pt226	no_response
Pt183	response
Pt251	no_response
Pt256	no_response
Pt427	no_response
Pt933	no_response
Pt593	no_response
Pt86	no_response
Pt483	no_response
Pt917	no_response
Pt210	no_response
Pt488	no_response
Pt90	no_response
Pt748	no_response
Pt753	response
Pt181	no_response
Pt440	no_response
Pt946	no_response
Pt355	no_response
Pt259	response
Pt925	no_response
Pt190	no_response
Pt985	no_response
Pt879	no_response
Pt96	no_response
Pt175	no_response
Pt635	no_response
Pt192	no_response
Pt358	no_response
Pt453	no_response
Pt855	no_response
Pt840	no_response
Pt461	response
Pt346	no_response
Pt591	response
Pt794	response
Pt546	no_response
Pt894	no_response
Pt660	no_response
Pt129	response
Pt566	no_response
Pt491	no_response
Pt349	no_response
Pt788	no_response
Pt856	no_response
Pt280	no_response
Pt68	no_response
Pt35	no_response
Pt987	no_response
Pt311	no_response
Pt44	response
Pt758	no_response
Pt324	no_response
Pt672	no_response
Pt638	no_response
Pt989	no_response
Pt471	response
Pt352	no_response
Pt496	no_response
Pt888	no_response
Pt581	no_response
Pt778	no_response
Pt509	no_response
Pt645	no_response
Pt664	no_response
Pt150	response
Pt849	no_response
Pt696	no_response
Pt332	no_response
Pt11	no_response
Pt694	no_response
Pt87	response
Pt336	no_response
Pt895	no_response
Pt556	response
Pt731	response
Pt20	no_response
Pt97	no_response
Pt579	no_response
Pt969	no_response
Pt520	no_response
Pt57	response
Pt202	response
Pt353	no_response
Pt610	response
Pt974	response
Pt986	no_response
Pt808	no_response
Pt126	no_response
Pt460	response
Pt704	no_response
Pt319	no_response
Pt367	response
Pt102	no_response
Pt750	no_response
Pt174	no_response
Pt100	no_response
Pt604	no_response
Pt710	no_response
Pt643	no_response
Pt896	no_response
Pt286	no_response
Pt306	no_response
Pt247	response
Pt786	no_response
Pt112	no_response
Pt893	response
Pt961	no_response
Pt599	no_response
Pt596	response
Pt216	no_response
Pt615	no_response
Pt734	response
Pt394	no_response
Pt328	response
Pt419	no_response
Pt769	no_response
Pt227	no_response
Pt395	no_response
Pt903	no_response
Pt398	no_response
Pt24	no_response
Pt996	response
Pt832	no_response
Pt139	no_response
Pt233	no_response
Pt597	no_response
Pt41	response
Pt798	response
Pt530	no_response
Pt507	no_response
Pt169	response
Pt55	no_response
Pt878	no_response
Pt431	no_response
Pt338	no_response
Pt698	response
Pt592	response
Pt49	no_response
Pt928	no_response
Pt729	no_response
Pt907	response
Pt237	no_response
Pt583	response
Pt553	response
Pt739	response
Pt135	response
Pt48	response
Pt436	no_response
Pt516	no_response
Pt577	no_response
Pt255	no_response
Pt601	response
Pt995	response
Pt254	no_response
Pt385	no_response
Pt537	response
Pt347	no_response
Pt322	no_response
Pt517	response
Pt6	no_response
Pt804	response
Pt458	no_response
Pt316	no_response
Pt105	no_response
Pt779	no_response
Pt578	no_response
Pt162	no_response
Pt1	no_response
Pt348	no_response
Pt522	no_response
Pt755	no_response
Pt439	no_response
Pt13	no_response
Pt412	no_response
Pt454	no_response
Pt845	no_response
Pt303	no_response
Pt623	no_response
Pt678	no_response
Pt447	no_response
Pt269	no_response
Pt417	no_response
Pt27	no_response
Pt851	no_response
Pt949	no_response
Pt761	no_response
Pt503	response
Pt111	no_response
Pt873	no_response
Pt780	no_response
Pt497	no_response
Pt327	no_response
Pt195	no_response
Pt59	no_response
Pt836	response
Pt619	response
Pt501	no_response
Pt514	no_response
Pt790	response
Pt146	response
Pt85	no_response
Pt314	no_response
Pt170	no_response
Pt456	no_response
Pt803	response
Pt954	no_response
Pt812	response
Pt632	response
Pt200	no_response
Pt564	no_response
Pt72	no_response
Pt450	no_response
Pt115	no_response
Pt360	no_response
Pt291	no_response
Pt724	no_response
Pt862	no_response
Pt649	no_response
Pt125	no_response
Pt945	no_response
Pt885	no_response
Pt275	no_response
Pt524	response
Pt621	no_response
Pt872	response
Pt342	no_response
Pt889	no_response
Pt241	no_response
Pt242	no_response
Pt568	response
Pt939	no_response
Pt116	no_response
Pt787	no_response
Pt301	no_response
Pt230	no_response
Pt774	no_response
Pt131	no_response
Pt209	no_response
Pt846	no_response
Pt29	no_response
Pt908	response
Pt767	no_response
Pt820	no_response
Pt298	no_response
Pt559	no_response
Pt699	no_response
Pt628	no_response
Pt915	no_response
Pt258	no_response
Pt198	response
Pt618	response
Pt498	no_response
Pt931	no_response
Pt850	no_response
Pt567	no_response
Pt1003	no_response
Pt128	response
Pt289	no_response
Pt73	no_response
Pt272	no_response
Pt463	no_response
Pt858	response
Pt204	no_response
Pt7	no_response
Pt475	no_response
Pt899	no_response
Pt250	no_response
Pt700	no_response
Pt121	no_response
Pt574	no_response
Pt493	no_response
Pt594	response
Pt262	no_response
Pt295	no_response
Pt859	no_response
Pt589	no_response
Pt60	no_response
Pt1008	no_response
Pt706	no_response
Pt504	no_response
Pt39	response
Pt525	no_response
Pt164	response
Pt972	no_response
Pt650	no_response
Pt708	no_response
Pt290	no_response
Pt1006	no_response
Pt736	no_response
Pt802	response
Pt587	response
Pt958	no_response
Pt330	no_response
Pt526	response
Pt869	no_response
Pt117	no_response
Pt465	no_response
Pt293	response
Pt565	no_response
Pt468	no_response
Pt32	no_response
Pt120	no_response
Pt580	no_response
Pt756	no_response
Pt107	no_response
Pt576	response
Pt723	no_response
Pt122	response
Pt744	no_response
Pt770	no_response
Pt677	no_response
Pt354	no_response
Pt236	no_response
Pt728	no_response
Pt789	no_response
Pt84	no_response
Pt197	response
Pt881	no_response
Pt979	no_response
Pt205	no_response
Pt364	no_response
Pt511	no_response
Pt19	no_response
Pt518	no_response
Pt300	no_response
Pt669	no_response
Pt415	no_response
Pt971	no_response
Pt848	no_response
Pt864	no_response
Pt814	no_response
Pt505	no_response
Pt287	no_response
Pt151	no_response
Pt776	response
Pt373	no_response
Pt80	response
Pt607	no_response
Pt273	no_response
Pt457	no_response
Pt754	no_response
Pt834	no_response
Pt23	no_response
Pt720	no_response
Pt738	no_response
Pt988	no_response
Pt148	no_response
Pt663	no_response
Pt940	no_response
Pt109	no_response
Pt130	no_response
Pt703	no_response
Pt58	response
Pt819	no_response
Pt792	no_response
Pt438	no_response
Pt740	no_response
Pt52	response
Pt88	no_response
Pt485	no_response
Pt142	no_response
Pt448	no_response
Pt796	no_response
Pt960	no_response
Pt839	no_response
Pt267	no_response
Pt673	response
Pt715	no_response
Pt510	no_response
Pt965	no_response
Pt781	response
Pt31	no_response
Pt430	no_response
Pt344	no_response
Pt61	no_response
Pt243	no_response
Pt533	response
Pt467	response
Pt870	no_response
Pt177	no_response
Pt246	no_response
Pt334	no_response
Pt947	no_response
Pt47	no_response
Pt547	no_response
Pt689	no_response
Pt159	no_response
Pt30	no_response
Pt563	no_response
Pt810	no_response
Pt857	no_response
Pt942	no_response
Pt569	no_response
Pt403	response
Pt626	no_response
Pt639	no_response
Pt134	no_response
Pt595	response
Pt217	response
Pt930	no_response
Pt997	response
Pt897	no_response
Pt697	no_response
Pt94	no_response
Pt337	no_response
Pt922	no_response
Pt970	no_response
Pt943	response
Pt658	response
Pt890	no_response
Pt585	no_response
Pt75	no_response
Pt717	response
Pt852	no_response
Pt614	no_response
Pt377	response
Pt760	no_response
Pt309	no_response
Pt166	no_response
Pt325	no_response
Pt726	no_response
Pt630	no_response
Pt582	response
Pt800	no_response
Pt655	response
Pt902	no_response
Pt512	no_response
Pt240	no_response
Pt535	no_response
Pt249	no_response
Pt882	no_response
Pt829	no_response
Pt936	no_response
Pt222	no_response
Pt193	no_response
Pt219	no_response
Pt695	response
Pt98	no_response
Pt616	response
Pt666	no_response
Pt657	no_response
Pt372	no_response
Pt265	no_response
Pt962	no_response
Pt429	no_response
Pt46	no_response
Pt957	response
Pt609	no_response
Pt341	no_response
Pt681	no_response
Pt883	no_response
Pt231	no_response
Pt963	no_response
Pt906	no_response
Pt437	no_response
Pt396	no_response
Pt114	no_response
Pt816	response
Pt611	response
Pt163	no_response
Pt746	no_response
Pt603	no_response
Pt665	no_response
Pt570	no_response
Pt499	no_response
Pt369	response
Pt495	no_response
Pt64	no_response
Pt542	no_response
Pt25	no_response
Pt66	no_response
Pt194	no_response
Pt959	no_response
Pt184	no_response
Pt948	response
Pt38	no_response
Pt428	no_response
Pt167	no_response
Pt911	response
Pt238	no_response
Pt313	no_response
Pt390	no_response
Pt178	no_response
Pt43	response
Pt807	no_response
Pt424	no_response
Pt625	no_response
Pt705	no_response
Pt292	no_response
Pt51	response
Pt152	no_response
Pt751	no_response
Pt484	no_response
Pt934	no_response
Pt809	no_response
Pt365	no_response
Pt884	no_response
Pt764	no_response
Pt600	response
Pt480	no_response
Pt1002	no_response
Pt154	no_response
Pt93	response
Pt410	no_response
Pt405	no_response
Pt261	response
Pt733	no_response
Pt28	no_response
Pt874	response
Pt145	response
Pt89	response
Pt773	no_response
Pt515	no_response
Pt662	no_response
Pt675	no_response
Pt558	no_response
Pt464	no_response
Pt867	no_response
Pt702	no_response
Pt608	no_response
Pt606	response
Pt910	no_response
Pt661	no_response
Pt317	no_response
Pt476	no_response
Pt296	no_response
Pt636	no_response
Pt904	no_response
Pt868	no_response
Pt63	no_response
Pt777	no_response
Pt221	no_response
Pt782	no_response
Pt680	no_response
Pt866	no_response
Pt822	response
Pt633	no_response
Pt2	no_response
Pt168	no_response
Pt549	no_response
Pt62	response
Pt189	no_response
Pt144	response
Pt422	no_response
Pt393	no_response
Pt690	no_response
Pt335	no_response
Pt898	no_response
Pt637	no_response
Pt312	no_response
Pt16	no_response
Pt147	no_response
Pt326	no_response
Pt590	no_response
Pt490	response
Pt307	no_response
Pt201	response
Pt228	no_response
Pt270	no_response
Pt722	response
Pt572	no_response
Pt725	response
Pt938	no_response
Pt266	no_response
Pt978	no_response
Pt950	no_response
Pt176	no_response
Pt968	no_response
Pt586	no_response
Pt679	no_response
Pt408	no_response
Pt831	no_response
Pt835	no_response
Pt1000	no_response
Pt42	no_response
Pt927	no_response
Pt674	no_response
Pt435	no_response
Pt861	response
Pt323	response
Pt975	response
Pt763	no_response
Pt622	no_response
Pt361	no_response
Pt683	no_response
Pt620	no_response
Pt830	no_response
Pt944	no_response
Pt481	no_response
Pt686	no_response
Pt993	no_response
Pt847	no_response
Pt320	no_response
Pt470	no_response
Pt274	no_response
Pt153	no_response
Pt187	no_response
Pt926	no_response
Pt732	no_response
Pt912	no_response
Pt500	no_response
Pt727	no_response
Pt78	no_response
Pt283	response
Pt426	no_response
Pt552	response
Pt737	no_response
Pt528	no_response
Pt548	no_response
Pt914	no_response
Pt67	no_response
Pt712	no_response
Pt161	no_response
Pt141	no_response
Pt173	no_response
Pt21	no_response
Pt980	no_response
Pt886	no_response
Pt402	no_response
Pt375	no_response
Pt793	no_response
Pt693	no_response
Pt329	no_response
Pt560	no_response
Pt913	response
Pt132	no_response
Pt182	no_response
Pt929	no_response
Pt244	no_response
Pt108	response
Pt252	no_response
Pt357	response
Pt487	no_response
Pt854	no_response
Pt379	no_response
Pt82	no_response
Pt413	no_response
Pt477	response
Pt932	no_response
Pt40	no_response
Pt469	no_response
Pt813	no_response
Pt302	no_response
Pt333	no_response
Pt550	no_response
Pt423	no_response
Pt215	no_response
Pt640	no_response
Pt532	no_response
Pt339	no_response
Pt276	no_response
Pt213	no_response
Pt26	no_response
Pt137	no_response
Pt573	response
Pt536	response
Pt284	response
Pt1007	no_response
Pt818	response
Pt983	no_response
Pt331	no_response
Pt561	response
Pt745	no_response
Pt924	no_response
Pt472	no_response
Pt171	no_response
